Name,Email,Phone Number,Last Payment,Next Payment,Payment Period
Febe Gallart Hernando,pastor40@example.com,+54 9 11 +348-44 134 118,2024-03-14,2025-03-14,annually
Esther Jover Benavides,tiburcioenriquez@example.net,+54 9 11 +348-49166534,2023-12-23,2024-03-22,quarterly
Quirino Pizarro Donaire,upena@example.net,+54 9 11 +349-35 78 71 92,2023-08-12,2023-09-11,monthly
Manu Linares Guardia,gmenendez@example.org,+54 9 11 +34 -986 40 80 64,2024-03-29,2024-04-28,monthly
Octavia Pont Moll,xhervas@example.net,+54 9 11 +349-71 837 633,2024-04-24,2024-07-23,quarterly
Juan Luis Manjón Nicolau,amaliaalvarado@example.net,+54 9 11 +34 -880 459 995,2024-04-02,2024-07-01,quarterly
Natanael Benítez Montalbán,encarnacion42@example.net,+54 9 11 +34 -887501056,2023-07-01,2023-09-29,quarterly
Ricardo de Fajardo,gpelayo@example.org,+54 9 11 +34 -972 18 80 76,2024-05-20,2025-05-20,annually
Abel Pont,olalla59@example.org,+54 9 11 +348-64 328 565,2023-07-10,2023-10-08,quarterly
Irene Carballo Somoza,benaventdesiderio@example.net,+54 9 11 +348-28 65 52 30,2023-05-31,2024-05-30,annually
Mamen Macías Llorens,tamaritelisabet@example.net,+54 9 11 +34 -884087372,2024-03-04,2024-06-02,quarterly
Maura Carro Duque,gimenezema@example.org,+54 9 11 +348-25 316 940,2023-09-10,2023-10-10,monthly
Albina Armas Amor,bibiana09@example.org,+54 9 11 +348-71 57 99 40,2023-09-23,2024-09-22,annually
Paula del Navarrete,ligia17@example.com,+54 9 11 +349-43 971 187,2024-05-13,2025-05-13,annually
Rómulo Diéguez,garcescelestina@example.org,+54 9 11 +34 -844263006,2024-05-17,2024-06-16,monthly
Reyna Iniesta Arellano,melania73@example.com,+54 9 11 +349-75 32 55 32,2024-02-13,2025-02-12,annually
Graciana Vallejo Bauzà,gomilacirino@example.org,+54 9 11 +34 -822 38 11 37,2024-02-03,2025-02-02,annually
Cleto Inocencio Miralles Arnau,leonorpuerta@example.com,+54 9 11 +34 -919 704 486,2023-05-27,2024-05-26,annually
Martin Lucena,espiridion29@example.com,+54 9 11 +349-44144499,2024-03-06,2024-04-05,monthly
Heraclio Sánchez Jerez,maximo87@example.org,+54 9 11 +34 -818 09 80 24,2023-05-26,2023-06-25,monthly
José Mari Valera-Peral,openalver@example.org,+54 9 11 +34 -827 062 381,2023-12-17,2024-12-16,annually
Brígida Morante,qmachado@example.org,+54 9 11 +34 -850266200,2023-12-10,2024-03-09,quarterly
Teodoro Segarra Pomares,gregorio94@example.net,+54 9 11 +34 -843 313 207,2023-06-17,2023-07-17,monthly
Patricia Montserrat-Folch,porfiriomillan@example.org,+54 9 11 +349-83 09 95 88,2023-07-28,2024-07-27,annually
Martina Melero,qbastida@example.org,+54 9 11 +34 -827 63 76 50,2023-09-23,2023-10-23,monthly
Joan Solano-Planas,andrea30@example.com,+54 9 11 +34 -827581777,2023-06-13,2023-09-11,quarterly
Máxima Huguet Rey,ejordan@example.org,+54 9 11 +349-82 81 67 80,2024-03-18,2024-04-17,monthly
Timoteo Cánovas Piquer,kjulian@example.com,+54 9 11 +34 -901 65 55 12,2023-08-11,2023-09-10,monthly
Jessica Carballo Perea,onofrequintana@example.net,+54 9 11 +349-71 802 694,2023-07-12,2023-10-10,quarterly
Azeneth Dulce Juárez Valverde,mauriciomontoya@example.org,+54 9 11 +34 -849994649,2023-08-07,2024-08-06,annually
César Báez Diaz,apera@example.com,+54 9 11 +348-74576145,2023-12-27,2024-12-26,annually
Florina Purificación Blázquez Larrea,narciso42@example.net,+54 9 11 +348-75869759,2023-08-29,2023-11-27,quarterly
Bernardita Sánchez Coca,onicolas@example.org,+54 9 11 +348-87 695 424,2023-06-19,2023-09-17,quarterly
Salvador Agapito Escribano Nevado,fprado@example.net,+54 9 11 +34 -925898961,2023-12-01,2024-11-30,annually
José Bayón Hernández,lmir@example.org,+54 9 11 +34 -900 47 41 23,2024-02-11,2025-02-10,annually
Jose Miguel Barrio Asenjo,aitanasaez@example.net,+54 9 11 +34 -848 82 83 26,2024-03-13,2024-04-12,monthly
Blanca Ródenas Abella,ramonacapdevila@example.net,+54 9 11 +349-46 715 023,2023-05-27,2023-08-25,quarterly
Zaida Pedraza Echeverría,foller@example.net,+54 9 11 +34 -986 689 212,2024-02-28,2024-03-29,monthly
Loida Fortuny,julietamolina@example.net,+54 9 11 +34 -800 516 779,2023-08-05,2023-11-03,quarterly
Candelas Emperatriz Sevilla Sala,asdrubal86@example.com,+54 9 11 +349-31 872 073,2023-05-26,2024-05-25,annually
Clímaco Morera Cases,dimas05@example.com,+54 9 11 +348-49 523 760,2024-03-26,2025-03-26,annually
Amaya Pili Quesada Girona,amatariel@example.net,+54 9 11 +348-47 63 69 53,2023-05-31,2023-08-29,quarterly
Chuy Arnaiz Baena,csantamaria@example.net,+54 9 11 +34 -737 49 52 66,2023-10-24,2023-11-23,monthly
Custodio Azorin Barriga,tejeromoises@example.net,+54 9 11 +349-72278682,2023-05-31,2023-08-29,quarterly
Teófila Olivares Tejada,bangulo@example.org,+54 9 11 +34 -987 85 45 50,2024-02-08,2025-02-07,annually
Gonzalo Camps Roig,ismael53@example.net,+54 9 11 +34 -944 02 91 72,2024-03-23,2025-03-23,annually
Cristóbal Ramos Cases,falcaraz@example.com,+54 9 11 +349-79 93 65 39,2024-01-18,2025-01-17,annually
Andrea Campos Moliner,alfonsotoledo@example.com,+54 9 11 +348-55966238,2023-12-03,2024-03-02,quarterly
Seve Uría Escudero,virgilio98@example.org,+54 9 11 +34 -975 561 316,2023-10-07,2023-11-06,monthly
Evita Chaves Guardiola,ctejedor@example.com,+54 9 11 +348-26 98 56 18,2023-09-29,2024-09-28,annually
Mariana Guzman-Gabaldón,ssobrino@example.com,+54 9 11 +34 -976868188,2023-12-09,2024-12-08,annually
Nuria Salcedo Gallart,marcelo62@example.org,+54 9 11 +34 -901 76 74 78,2023-05-22,2023-08-20,quarterly
Azahara Llobet Martí,jose-manuel15@example.net,+54 9 11 +34 -885891566,2024-04-30,2025-04-30,annually
Sergio Cerro Guerra,bruno81@example.net,+54 9 11 +34 -971 16 86 34,2023-09-29,2023-10-29,monthly
Luna Ricart Belda,ema60@example.org,+54 9 11 +34 -914 087 277,2023-07-24,2024-07-23,annually
Reina Ripoll Bueno,mmas@example.org,+54 9 11 +348-34 11 16 22,2023-08-02,2024-08-01,annually
Osvaldo Asenjo Zapata,paco01@example.org,+54 9 11 +34 -884 079 801,2023-05-22,2023-08-20,quarterly
Luis Chamorro Lamas,jimena34@example.net,+54 9 11 +348-55043061,2024-03-27,2024-06-25,quarterly
León Córdoba Alegria,rafa92@example.com,+54 9 11 +348-87 70 91 80,2024-02-23,2024-03-24,monthly
Baudelio Gaspar Arco Ochoa,isabel87@example.org,+54 9 11 +34 -971 90 51 29,2024-03-16,2025-03-16,annually
Perlita Leiva Ocaña,chemariquelme@example.org,+54 9 11 +348-28034594,2024-05-03,2025-05-03,annually
Eligia Palomar Iñiguez,pilibarrena@example.org,+54 9 11 +34 -888 444 898,2024-04-11,2024-05-11,monthly
Dionisio Rodríguez Santiago,brunildacorrea@example.net,+54 9 11 +348-84 250 815,2023-07-06,2023-08-05,monthly
Domitila Montoya-Chaves,morillohector@example.net,+54 9 11 +349-71 28 42 18,2023-10-07,2023-11-06,monthly
Rafa Benitez Calvo,franchremigio@example.net,+54 9 11 +348-27 407 566,2024-02-22,2025-02-21,annually
Leticia Recio Amaya,albertodomingo@example.com,+54 9 11 +34 -825 709 389,2023-09-20,2023-10-20,monthly
Galo Valenciano Pont,correapilar@example.com,+54 9 11 +34 -819 57 86 89,2024-03-12,2024-04-11,monthly
Yolanda Ponce,rita39@example.net,+54 9 11 +349-87 14 85 69,2024-04-12,2024-05-12,monthly
Gabriel Gilabert Marqués,falcoevangelina@example.org,+54 9 11 +34 -984881599,2023-12-03,2024-03-02,quarterly
Estrella Pulido-Tovar,ysaez@example.net,+54 9 11 +348-80 668 244,2023-10-12,2024-01-10,quarterly
Alejandro Herrera Vilanova,kjimenez@example.net,+54 9 11 +349-79 97 07 86,2023-06-26,2023-07-26,monthly
Adelina Campillo Benavides,cobosmaria-dolores@example.org,+54 9 11 +34 -920079610,2023-09-13,2023-12-12,quarterly
Jacinta Berenguer Peñalver,vpena@example.org,+54 9 11 +34 -974 07 69 46,2023-06-16,2023-07-16,monthly
Raquel Lasa Porras,usarabia@example.net,+54 9 11 +34 -982420865,2024-04-29,2024-05-29,monthly
Soraya Peral Morán,venceslascornejo@example.org,+54 9 11 +349-45 09 48 47,2023-08-28,2023-11-26,quarterly
Berta Florina Arenas Hervás,acostaleandra@example.org,+54 9 11 +34 -876 77 32 16,2023-06-12,2024-06-11,annually
Abril Castrillo Blazquez,emiliasegui@example.net,+54 9 11 +349-23 844 050,2024-04-23,2025-04-23,annually
Olegario Ramón-Bueno,bonetrolando@example.net,+54 9 11 +34 -823 696 154,2023-07-06,2023-10-04,quarterly
Gema Angelita Valcárcel Bru,celestino60@example.org,+54 9 11 +348-24 655 545,2023-09-15,2023-10-15,monthly
Feliciana Lastra Ángel,ariel79@example.org,+54 9 11 +34 -843 14 94 85,2024-01-27,2025-01-26,annually
Teodoro Aramburu Bernat,kpiquer@example.net,+54 9 11 +348-48 264 631,2023-09-25,2023-12-24,quarterly
Delia Clarisa Barrena Albero,josenoriega@example.net,+54 9 11 +34 -846840383,2024-03-01,2024-03-31,monthly
Olga Casares Julián,pepito85@example.com,+54 9 11 +347-27 424 653,2024-02-22,2024-03-23,monthly
Rosendo Hierro-Olivera,heliodoroinfante@example.net,+54 9 11 +348-26 179 825,2024-01-26,2025-01-25,annually
Ibán Delgado Nieto,brigidahernandez@example.com,+54 9 11 +34 -712 12 47 16,2023-11-24,2023-12-24,monthly
Pastora Roldán Portillo,vjordan@example.net,+54 9 11 +34 -815018994,2024-03-12,2025-03-12,annually
Luis Garmendia,carreraeladio@example.net,+54 9 11 +348-25 737 630,2024-01-12,2025-01-11,annually
Anacleto Menéndez Maestre,vmendoza@example.org,+54 9 11 +349-75 554 077,2023-11-15,2024-11-14,annually
Primitivo Lago Río,gsainz@example.org,+54 9 11 +34 -879 59 73 12,2023-07-18,2024-07-17,annually
Eli Arnau Téllez,otilialucena@example.org,+54 9 11 +34 -888385547,2024-01-18,2024-02-17,monthly
Saturnino Santamaría Carvajal,yessica72@example.com,+54 9 11 +34 -984 437 065,2023-12-06,2024-01-05,monthly
Manu Acedo Silva,canizaresborja@example.com,+54 9 11 +34 -910 522 945,2023-05-29,2023-08-27,quarterly
Delia de Balaguer,octavia36@example.org,+54 9 11 +348-03 086 967,2024-03-11,2025-03-11,annually
Genoveva Robles Campillo,iherranz@example.com,+54 9 11 +34 -712229518,2023-11-23,2024-11-22,annually
Lucas Echeverría Alfonso,qcordero@example.org,+54 9 11 +348-77 64 21 71,2024-03-20,2024-04-19,monthly
Aura de Ricart,isaias25@example.net,+54 9 11 +347-08896110,2023-08-29,2023-09-28,monthly
Valeria Gabaldón-Jimenez,jdelgado@example.net,+54 9 11 +349-41 72 77 64,2023-08-04,2024-08-03,annually
Salomón Pou-Giner,vallestelmo@example.org,+54 9 11 +349-47 905 991,2023-06-01,2023-08-30,quarterly
Edelmiro Malo Medina,fsacristan@example.org,+54 9 11 +34 -984927561,2024-03-06,2024-06-04,quarterly
Maximiliano Muro,buendiaencarnacion@example.net,+54 9 11 +34 -727 08 81 09,2023-11-27,2024-11-26,annually
